positions,,,,,,,,,
section,in_resume,title,institution,loc,start,end,description_1,description_2,description_3
education,TRUE,M.S. in Program Evaluation and Data Analytics,Arizona State University,"Phoenix, AZ",2025,2027,Thesis: How can Non-profit Organizations sustain grants,NA,NA
education,TRUE,"B.S., Health Promotion (minor Nutrition)",University of Texas at El Paso (UTEP),"El Paso, TX",2015,2020,Working in non-profit organizations after graduation,NA,NA
outreach_positions,TRUE,Operations Specialist,Project Vida Health Center,Project Vida Health Center,2026,,Support outreach efforts to increase program visibility and promote enrollment in services.,"Foster positive relationships between therapists, navigators, and campus administrators to create a welcoming and collaborative environment.",Create purchasing order to be processed and delivered for campus sites.
outreach_positions,TRUE,Youth and Friendliness Facilitator,Project Vida Health Center,Project Vida Health Center,2024,2026,"Analyzed participant enrollment, attendance, and engagement data to identify trends and improve program performance.",Recruited and enrolled participants while maintaining accurate records throughout the recruitment lifecycle.,Compiled and analyzed program metrics for internal reporting and decision-making.
outreach_positions,TRUE,Outreach Wellness Facilitator,Project Vida Health Center,Project Vida Health Center,2022,2024,"Collected, cleaned, validated, and maintained participant datasets for ongoing program evaluation.",Generated reports summarizing participant trends for grant-funded research initiatives.,Managed participant databases while ensuring data accuracy and confidentiality.
research_positions,TRUE,Research Technician I,University of Texas at El Paso (UTEP),UTEP,2020,2020,"Collected, validated, and entered participant data into SPSS and research databases.",Assisted researchers by preparing datasets for statistical analysis and reporting.,Supported ongoing research projects through participant tracking and data management.
research_positions,FALSE,Graduate Research Assistant,TBILab (Yaomin Xu's Lab),Vanderbilt University,2015,2020,Primarily working with large EHR and Biobank datasets.,Developing network-based methods to investigate and visualize clinically relevant patterns in data.,NA
research_positions,FALSE,Data Science Researcher,Data Science Lab,Johns Hopkins University,2017,2018,Building R Shiny applications in the contexts of wearables and statistics education.,Work primarily done in R Shiny and Javascript (node and d3js).,NA
industry_positions,FALSE,Software Engineering Intern,Conduce,"Carpinteria, CA",2014,2014,Incorporated d3.js to the company's main software platform.,NA,NA
industry_positions,FALSE,Engineering Intern - User Experience,Dealer.com,"Burlington, VT",2015,2015,Built internal tool to help analyze and visualize user interaction with back-end products.,NA,NA
industry_positions,FALSE,Data Science Intern,Dealer.com,"Burlington, VT",2015,2015,Worked with the product analytics team to help parse and visualize large stores of data to drive business decisions.,NA,NA
industry_positions,FALSE,Data Artist In Residence,Conduce,"Carpinteria, CA",2014,2015,"Envisioned, prototyped and implemented visualization framework in the course of one month.",Constructed training protocol for bringing third parties up to speed with new protocol.,NA
industry_positions,FALSE,Data Journalist - Graphics Department,New York Times,"New York, New York",2016,2016,"Reporter with the graphics desk covering topics in science, politics, and sport.","Work primarily done in R, Javascript, and Adobe Illustrator.",NA
teaching_positions,FALSE,Statistical Computing in R,Vanderbilt Biostatistics Department,"Nashville, TN",2017,2017,TA and lectured,Covered introduction to R language for statistics applications,Graduate level class
teaching_positions,FALSE,Advanced Statistical Learning and Inference,Vanderbilt Biostatistics Department,"Nashville, TN",2017,2018,TA and lectured,Topics covered from penalized regression to boosted trees and neural networks,Highest level course offered in department
teaching_positions,FALSE,Advanced Statistical Computing,Vanderbilt Biostatistics Department,"Nashville, TN",2018,2018,TA and lectured,Covered modern statistical computing algorithms,4th year PhD level class
teaching_positions,FALSE,Data Visualization Best Practices,DataCamp,N/A,2019,2019,Designed from bottom up course to teach best practices for scientific visualizations.,Uses R and ggplot2.,In top 10% on platform by popularity.
teaching_positions,FALSE,Improving your visualization in Python,DataCamp,N/A,2019,2019,Designed from bottom up course to teach advanced methods for enhancing visualization.,"Uses python, matplotlib, and seaborn.",NA
data_science_writings,FALSE,[Classifying physical activity from smartphone data](https://blogs.rstudio.com/tensorflow/posts/2018-07-17-activity-detection/),RStudio Tensorflow Blog,NA,NA,2018,Walk through of training a convolutional neural network to achieve state of the art recognition of activities from accelerometer data.,Contracted article.,NA
data_science_writings,TRUE,Provided a two year twenty page report of all activities provided for students in the Canutillo District,Project Vida Health Center,"El Paso, TX",2022,2024,In depth report on activities held to obtain requirement of APS Campaigns through grant,Provided advice for dealing with data much larger than disk.,Reached top of HackerNews.
data_science_writings,FALSE,[The United States of Seasons](https://livefreeordichotomize.com/2018/02/12/the-united-states-of-seasons/),LiveFreeOrDichotomize.com,NA,NA,,,Used Bayesian regression methods for smoothing sparse geospatial data.,NA
data_science_writings,FALSE,[A year as told by fitbit](https://livefreeordichotomize.com/2017/12/27/a-year-as-told-by-fitbit/),LiveFreeOrDichotomize.com,NA,NA,2017,Analyzing a full years worth of second-level heart rate data from wearable device.,Demonstrated visualization-based inference for large data.,NA
data_science_writings,FALSE,[MCMC and the case of the spilled seeds](https://livefreeordichotomize.com/2017/10/14/mcmc-and-the-case-of-the-spilled-seeds/),LiveFreeOrDichotomize.com,NA,NA,2017,Full Bayesian MCMC sampler running in your browser.,Coded from scratch in vanilla Javascript.,NA
data_science_writings,FALSE,[The Traveling Metallurgist](https://livefreeordichotomize.com/2017/09/25/the-traveling-metallurgist/),LiveFreeOrDichotomize.com,NA,NA,2017,Pure javascript implementation of traveling salesman solution using simulated annealing.,Allows reader to customize the number and location of cities to attempt to trick the algorithm.,NA
about_me_press,FALSE,[Great paper? Swipe right on the new ‘Tinder for preprints’ app](https://www.sciencemag.org/news/2017/06/great-paper-swipe-right-new-tinder-preprints-app),Science,N/A,2017,2017,Story of the app [Papr](https://jhubiostatistics.shinyapps.io/papr/) made with Jeff Leek and Lucy D’Agostino McGowan.,NA,NA
about_me_press,FALSE,[Swipe right for science: Papr app is ‘Tinder for preprints’](https://www.nature.com/news/swipe-right-for-science-papr-app-is-tinder-for-preprints-1.22163),Nature News,N/A,2017,2017,Second press article for app Papr.,NA,NA
about_me_press,FALSE,[The Deeper Story in the Data](https://www.uvm.edu/uvmnews/news/deeper-story-data),University of Vermont Quarterly,N/A,2016,2016,Story on my path post graduation and the power of narrative.,NA,NA
by_me_press,FALSE,[The Great Student Migration](https://www.nytimes.com/interactive/2016/08/26/us/college-student-migration.html?smid=pl-share),The New York Times,N/A,2016,2016,Most shared and discussed article from the New York Times for August 2016.,NA,NA
by_me_press,FALSE,"[Wildfires are Getting Worse, The New York Times](https://www.nytimes.com/interactive/2016/07/25/us/wildfire-seasons-los-angeles.html)",The New York Times,N/A,2016,2016,GIS analysis and modeling of fire patterns and trends,Data in collaboration with NASA and USGS,NA
by_me_press,FALSE,[Who’s Speaking at the Democratic National Convention?](https://www.nytimes.com/2016/07/26/upshot/democrats-may-not-be-unified-but-their-convention-speakers-are.html),The New York Times,N/A,2016,2016,Data scraped from CSPAN records to figure out who talked and past conventions.,NA,NA
by_me_press,FALSE,[Who’s Speaking at the Republican National Convention?](https://www.nytimes.com/2016/07/19/upshot/whos-not-speaking-how-this-republican-convention-differs.html?smid=pl-share),The New York Times,N/A,2016,2016,Used same data scraping techniques as Who’s Speaking at the Democratic National Convention?,NA,NA
by_me_press,FALSE,"[A Trail of Terror in Nice, Block by Block](https://www.nytimes.com/interactive/2016/07/14/world/europe/trail-of-terror-france.html)",The New York Times,N/A,2016,2016,"Led research effort to put together story of 2016 terrorist attack in Nice, France in less than 12 hours.","Work won Silver medal at Malofiej 2017, and gold at Society of News and Design.",NA
academic_projects,TRUE,Created a report dashboard through R Studio ,Accident reports in Arizona,Arizona State University,2025,2025,Learned how to create an interactive dashboard where others could click through and see the data on the maps demonstrate accidents,NA,NA
academic_projects,TRUE,Created a website demo ,How to create a website through GitHub,Arizona State University,2026,2026,"Learned how to create dropout columns; select background colors, and insert images",NA,NA
academic_articles,FALSE,Declines of Mysis diluviana in the Great Lakes,Journal of Great Lakes Research,N/A,2015,2015,Authored with Peter Euclide and Jason Stockwell.,NA,NA
academic_articles,FALSE,[Continuous Classification using Deep Neural Networks](http://nickstrayer.me/qualifying_exam/),Vanderbilt Biostatistics Qualification Exam,N/A,2017,2017,Review of methods for classifying continuous data streams using neural networks,Successfully met qualifying examination standards,NA
academic_articles,FALSE,[Charge Reductions Associated with Shortening Time to Recovery in Septic Shock](https://www.ncbi.nlm.nih.gov/pubmed/30419234),Chest,N/A,2019,2019,"Authored with Wesley H. Self, MD MPH; Dandan Liu, PhD; Stephan Russ, MD, MPH; Michael J. Ward, MD, PhD, MBA; Nathan I. Shapiro, MD, MPH; Todd W. Rice, MD, MSc; Matthew W. Semler, MD, MSc.",NA,NA
academic_articles,FALSE,R timelineViz: Visualizing the distribution of study events in longitudinal studies,Under-Review (copy available upon request.),N/A,2018,2018,Authored with Alex Sunderman of the Vanderbilt Department of Epidemiology.,NA,NA
academic_articles,FALSE,[Multimorbidity Explorer | A shiny app for exploring EHR and biobank data](http://nickstrayer.me/rstudioconf19_me-poster/),RStudio::conf 2019,N/A,2019,2019,Contributed Poster. Authored with Yaomin Xu.,NA,NA
academic_articles,FALSE,[Taking a network view of EHR and Biobank data to find explainable multivariate patterns](http://nickstrayer.me/biostat_seminar/),Vanderbilt Biostatistics Seminar Series,N/A,2019,2019,University wide seminar series.,NA,NA
academic_articles,FALSE,Patient-specific risk factors independently influence survival in Myelodysplastic Syndromes in an unbiased review of EHR records,Under-Review (copy available upon request.),NA,NA,2019,Bayesian network analysis used to find novel subgroups of patients with Myelodysplastic Syndromes (MDS).,Analysis done using method built for my dissertation.,NA
academic_articles,FALSE,Patient specific comorbidities impact overall survival in myelofibrosis,Under-Review (copy available upon request.),NA,NA,2019,Bayesian network analysis used to find robust novel subgroups of patients with given genetic mutations.,Analysis done using method built for my dissertation.,NA